version_id,nombre_version,fecha_release,contiene_sunburst,fecha_compilacion
101,Orion 2019.4,2019-06-15,True,2020-02-20
102,Orion 2019.4 HF1,2019-09-10,True,2020-02-20
103,Orion 2019.4 HF2,2019-12-01,True,2020-02-20
104,Orion 2019.4 HF5,2020-03-26,False,2020-03-20
105,Orion 2020.2,2020-05-10,True,2020-02-20
106,Orion 2020.2 HF1,2020-08-15,True,2020-02-20
107,Orion 2020.2.1,2020-10-10,False,2020-10-01
108,Orion 2021.1,2021-01-15,False,2021-01-05
